{"cameraMode":{"drawMode":0,"name":"Shaded","section":"Shading Mode"},"sceneLighting":false,"audioPlay":false,"sceneViewState":{"showFog":true,"showMaterialUpdate":false,"showSkybox":false,"showFlares":true,"showImageEffects":true,"showParticleSystems":true},"in2DMode":false,"pivot":{"x":-0.07571990042924881,"y":0.21158525347709657,"z":0.08262728899717331},"rotation":{"x":-0.13475221395492555,"y":0.48026853799819949,"z":-0.07494660466909409,"w":-0.8634672164916992},"size":0.035244375467300418,"orthographic":false}