{"cameraMode":{"drawMode":0,"name":"Shaded","section":"Shading Mode"},"sceneLighting":false,"audioPlay":false,"sceneViewState":{"showFog":true,"showMaterialUpdate":false,"showSkybox":false,"showFlares":true,"showImageEffects":true,"showParticleSystems":true},"in2DMode":false,"pivot":{"x":3.63702392578125,"y":0.78997802734375,"z":-2.4800000190734865},"rotation":{"x":-0.2601644694805145,"y":-0.08762481063604355,"z":0.023717092350125314,"w":-0.9612904787063599},"size":1.1119129657745362,"orthographic":false}