{"cameraMode":{"drawMode":0,"name":"Shaded","section":"Shading Mode"},"sceneLighting":false,"audioPlay":false,"sceneViewState":{"showFog":true,"showMaterialUpdate":false,"showSkybox":false,"showFlares":true,"showImageEffects":true,"showParticleSystems":true},"in2DMode":false,"pivot":{"x":0.026999998837709428,"y":0.3799999952316284,"z":1.0},"rotation":{"x":-0.2967032790184021,"y":-0.058111660182476047,"z":0.01810469850897789,"w":-0.9530541896820068},"size":0.07071070373058319,"orthographic":false}