{"cameraMode":{"drawMode":0,"name":"Shaded","section":"Shading Mode"},"sceneLighting":false,"audioPlay":false,"sceneViewState":{"showFog":true,"showMaterialUpdate":false,"showSkybox":false,"showFlares":true,"showImageEffects":true,"showParticleSystems":true},"in2DMode":false,"pivot":{"x":-2.01031494140625,"y":0.271270751953125,"z":-5.989999771118164},"rotation":{"x":-0.2601644694805145,"y":-0.08762481063604355,"z":0.023717092350125314,"w":-0.9612904787063599},"size":1.3509962558746338,"orthographic":false}