{"cameraMode":{"drawMode":0,"name":"Shaded","section":"Shading Mode"},"sceneLighting":true,"audioPlay":false,"sceneViewState":{"showFog":true,"showMaterialUpdate":false,"showSkybox":true,"showFlares":true,"showImageEffects":true,"showParticleSystems":true},"in2DMode":false,"pivot":{"x":0.528068482875824,"y":0.2963699698448181,"z":-0.5359739065170288},"rotation":{"x":-0.2846694588661194,"y":-0.4937439262866974,"z":0.1752016693353653,"w":-0.8028534650802612},"size":0.875236451625824,"orthographic":false}