{"cameraMode":{"drawMode":0,"name":"Shaded","section":"Shading Mode"},"sceneLighting":false,"audioPlay":false,"sceneViewState":{"showFog":true,"showMaterialUpdate":false,"showSkybox":false,"showFlares":true,"showImageEffects":true,"showParticleSystems":true},"in2DMode":false,"pivot":{"x":-0.8109999895095825,"y":1.2400000095367432,"z":0.6399999856948853},"rotation":{"x":-0.07080051302909851,"y":0.02275407500565052,"z":0.0007048608385957778,"w":-0.9974220395088196},"size":0.8107238411903381,"orthographic":false}