{"cameraMode":{"drawMode":0,"name":"Shaded","section":"Shading Mode"},"sceneLighting":false,"audioPlay":false,"sceneViewState":{"showFog":true,"showMaterialUpdate":false,"showSkybox":false,"showFlares":true,"showImageEffects":true,"showParticleSystems":true},"in2DMode":false,"pivot":{"x":1.6030709743499756,"y":-0.03364980220794678,"z":0.6893381476402283},"rotation":{"x":-0.07080051302909851,"y":0.02275407500565052,"z":0.0007048608385957778,"w":-0.9974220395088196},"size":1.3359376192092896,"orthographic":false}