{"cameraMode":{"drawMode":0,"name":"Shaded","section":"Shading Mode"},"sceneLighting":false,"audioPlay":false,"sceneViewState":{"showFog":true,"showMaterialUpdate":false,"showSkybox":false,"showFlares":true,"showImageEffects":true,"showParticleSystems":true},"in2DMode":false,"pivot":{"x":170.24868774414063,"y":-204.6734619140625,"z":0.0},"rotation":{"x":-0.07080051302909851,"y":0.02275407500565052,"z":0.0007048608385957778,"w":-0.9974220395088196},"size":219.89320373535157,"orthographic":false}