{"cameraMode":{"drawMode":0,"name":"Shaded","section":"Shading Mode"},"sceneLighting":false,"audioPlay":false,"sceneViewState":{"showFog":true,"showMaterialUpdate":false,"showSkybox":false,"showFlares":true,"showImageEffects":true,"showParticleSystems":true},"in2DMode":false,"pivot":{"x":-0.021056365221738817,"y":0.12161106616258621,"z":-0.08793921023607254},"rotation":{"x":-0.3388894200325012,"y":-0.18262222409248353,"z":0.06759405881166458,"w":-0.9205406308174133},"size":1.001884937286377,"orthographic":false}