{"cameraMode":{"drawMode":0,"name":"Shaded","section":"Shading Mode"},"sceneLighting":false,"audioPlay":false,"sceneViewState":{"showFog":true,"showMaterialUpdate":false,"showSkybox":true,"showFlares":true,"showImageEffects":true,"showParticleSystems":true},"in2DMode":false,"pivot":{"x":0.12133458256721497,"y":0.23878461122512818,"z":-0.08060771226882935},"rotation":{"x":-0.2988449037075043,"y":-0.1948668211698532,"z":0.06532711535692215,"w":-0.9321168661117554},"size":0.3255963921546936,"orthographic":false}