{"cameraMode":{"drawMode":0,"name":"Shaded","section":"Shading Mode"},"sceneLighting":true,"audioPlay":false,"sceneViewState":{"showFog":true,"showMaterialUpdate":false,"showSkybox":true,"showFlares":true,"showImageEffects":true,"showParticleSystems":true},"in2DMode":false,"pivot":{"x":80.2699966430664,"y":15.049999237060547,"z":6.141009330749512},"rotation":{"x":-0.2540793716907501,"y":-0.32374024391174319,"z":0.09118227660655976,"w":-0.9069162011146545},"size":12.590182304382325,"orthographic":false}