{"cameraMode":{"drawMode":0,"name":"Shaded","section":"Shading Mode"},"sceneLighting":false,"audioPlay":false,"sceneViewState":{"showFog":true,"showMaterialUpdate":false,"showSkybox":false,"showFlares":true,"showImageEffects":true,"showParticleSystems":true},"in2DMode":false,"pivot":{"x":-0.6880000233650208,"y":-0.010999977588653565,"z":0.10000000149011612},"rotation":{"x":-0.2801661789417267,"y":-0.24778632819652558,"z":0.07526770979166031,"w":-0.9244356751441956},"size":0.6306162476539612,"orthographic":false}