{"cameraMode":{"drawMode":0,"name":"Shaded","section":"Shading Mode"},"sceneLighting":false,"audioPlay":false,"sceneViewState":{"showFog":true,"showMaterialUpdate":false,"showSkybox":false,"showFlares":true,"showImageEffects":true,"showParticleSystems":true},"in2DMode":false,"pivot":{"x":0.7049999833106995,"y":0.656000018119812,"z":-0.006000000983476639},"rotation":{"x":-0.3136005103588104,"y":-0.26351436972618105,"z":0.09349491447210312,"w":-0.9076568484306336},"size":0.2244461625814438,"orthographic":false}