{"cameraMode":{"drawMode":0,"name":"Shaded","section":"Shading Mode"},"sceneLighting":false,"audioPlay":false,"sceneViewState":{"showFog":true,"showMaterialUpdate":false,"showSkybox":false,"showFlares":true,"showImageEffects":true,"showParticleSystems":true},"in2DMode":false,"pivot":{"x":1180.0,"y":820.2999877929688,"z":0.00009999999747378752},"rotation":{"x":-0.1374315470457077,"y":-0.2015945017337799,"z":0.031017890200018884,"w":-0.9694803953170776},"size":13.543998718261719,"orthographic":false}