{"cameraMode":{"drawMode":0,"name":"Shaded","section":"Shading Mode"},"sceneLighting":false,"audioPlay":false,"sceneViewState":{"showFog":true,"showMaterialUpdate":false,"showSkybox":false,"showFlares":true,"showImageEffects":true,"showParticleSystems":true},"in2DMode":false,"pivot":{"x":17.98809814453125,"y":-216.98223876953126,"z":0.0},"rotation":{"x":-0.06016672030091286,"y":0.11236357688903809,"z":-0.004462579730898142,"w":-0.9920265674591065},"size":98.49324035644531,"orthographic":false}