{"cameraMode":{"drawMode":0,"name":"Shaded","section":"Shading Mode"},"sceneLighting":false,"audioPlay":false,"sceneViewState":{"showFog":true,"showMaterialUpdate":false,"showSkybox":false,"showFlares":true,"showImageEffects":true,"showParticleSystems":true},"in2DMode":false,"pivot":{"x":-173.04180908203126,"y":-230.48226928710938,"z":0.0},"rotation":{"x":-0.07080051302909851,"y":0.02275407500565052,"z":0.0007048608385957778,"w":-0.9974220395088196},"size":267.8443908691406,"orthographic":false}