{"cameraMode":{"drawMode":0,"name":"Shaded","section":"Shading Mode"},"sceneLighting":true,"audioPlay":false,"sceneViewState":{"showFog":true,"showMaterialUpdate":false,"showSkybox":true,"showFlares":true,"showImageEffects":true,"showParticleSystems":true},"in2DMode":false,"pivot":{"x":-0.011097311973571778,"y":0.3748774230480194,"z":-0.337504506111145},"rotation":{"x":0.11545481532812119,"y":0.19977369904518128,"z":-0.025595607236027719,"w":0.972874641418457},"size":0.22592279314994813,"orthographic":true}