{"cameraMode":{"drawMode":0,"name":"Shaded","section":"Shading Mode"},"sceneLighting":false,"audioPlay":false,"sceneViewState":{"showFog":true,"showMaterialUpdate":false,"showSkybox":false,"showFlares":true,"showImageEffects":true,"showParticleSystems":true},"in2DMode":false,"pivot":{"x":-0.045999832451343539,"y":0.06499991565942764,"z":0.0030003562569618227},"rotation":{"x":0.10731424391269684,"y":-0.1882249265909195,"z":0.0206594355404377,"w":0.9760611057281494},"size":0.11522845178842545,"orthographic":false}