{"cameraMode":{"drawMode":0,"name":"Shaded","section":"Shading Mode"},"sceneLighting":false,"audioPlay":false,"sceneViewState":{"showFog":true,"showMaterialUpdate":false,"showSkybox":false,"showFlares":true,"showImageEffects":true,"showParticleSystems":true},"in2DMode":false,"pivot":{"x":-0.17549967765808106,"y":0.33353322744369509,"z":0.9391880035400391},"rotation":{"x":0.26817432045936587,"y":0.21869388222694398,"z":-0.06265512853860855,"w":0.9361328482627869},"size":1.5741785764694214,"orthographic":false}