{"cameraMode":{"drawMode":0,"name":"Shaded","section":"Shading Mode"},"sceneLighting":false,"audioPlay":false,"sceneViewState":{"showFog":true,"showMaterialUpdate":false,"showSkybox":false,"showFlares":true,"showImageEffects":true,"showParticleSystems":true},"in2DMode":false,"pivot":{"x":-0.8109999895095825,"y":1.2400000095367432,"z":0.6399999856948853},"rotation":{"x":0.10731424391269684,"y":-0.1882249265909195,"z":0.0206594355404377,"w":0.9760611057281494},"size":0.8107238411903381,"orthographic":false}