{"cameraMode":{"drawMode":0,"name":"Shaded","section":"Shading Mode"},"sceneLighting":true,"audioPlay":false,"sceneViewState":{"showFog":true,"showMaterialUpdate":false,"showSkybox":true,"showFlares":true,"showImageEffects":true,"showParticleSystems":true},"in2DMode":false,"pivot":{"x":0.017640912905335428,"y":0.2750951647758484,"z":0.08043672144412995},"rotation":{"x":0.3031931221485138,"y":0.3122619092464447,"z":-0.10615744441747666,"w":0.8941634297370911},"size":0.1775023639202118,"orthographic":true}