{"cameraMode":{"drawMode":0,"name":"Shaded","section":"Shading Mode"},"sceneLighting":false,"audioPlay":false,"sceneViewState":{"showFog":true,"showMaterialUpdate":false,"showSkybox":false,"showFlares":true,"showImageEffects":true,"showParticleSystems":true},"in2DMode":false,"pivot":{"x":0.8546795845031738,"y":-1.4736167192459107,"z":-0.48387670516967776},"rotation":{"x":0.3214254677295685,"y":0.14516165852546693,"z":-0.051457036286592486,"w":0.9345074892044067},"size":0.4334908723831177,"orthographic":false}