{"cameraMode":{"drawMode":0,"name":"Shaded","section":"Shading Mode"},"sceneLighting":false,"audioPlay":false,"sceneViewState":{"showFog":true,"showMaterialUpdate":false,"showSkybox":false,"showFlares":true,"showImageEffects":true,"showParticleSystems":true},"in2DMode":false,"pivot":{"x":1.2880938053131104,"y":-0.7275941371917725,"z":-1.1917014122009278},"rotation":{"x":0.19603769481182099,"y":0.34712541103363039,"z":-0.07515464723110199,"w":0.9141374826431274},"size":0.3351837396621704,"orthographic":true}