{"cameraMode":{"drawMode":0,"name":"Shaded","section":"Shading Mode"},"sceneLighting":false,"audioPlay":false,"sceneViewState":{"showFog":true,"showMaterialUpdate":false,"showSkybox":false,"showFlares":true,"showImageEffects":true,"showParticleSystems":true},"in2DMode":false,"pivot":{"x":0.026461422443389894,"y":-0.5521873831748962,"z":0.17440345883369447},"rotation":{"x":0.10731424391269684,"y":-0.1882249265909195,"z":0.0206594355404377,"w":0.9760611057281494},"size":0.856474757194519,"orthographic":false}