{"cameraMode":{"drawMode":0,"name":"Shaded","section":"Shading Mode"},"sceneLighting":false,"audioPlay":false,"sceneViewState":{"showFog":true,"showMaterialUpdate":false,"showSkybox":false,"showFlares":true,"showImageEffects":true,"showParticleSystems":true},"in2DMode":false,"pivot":{"x":0.8316398859024048,"y":1.9035236835479737,"z":0.6800003051757813},"rotation":{"x":0.017066970467567445,"y":0.25967079401016238,"z":-0.0058532836847007278,"w":0.9657042026519775},"size":0.18125514686107636,"orthographic":true}